<?xml version="1.0" encoding="UTF-8"?>
<LightningComponentBundle xmlns="http://soap.sforce.com/2006/04/metadata">
    <apiVersion>52.0</apiVersion>
    <isExposed>true</isExposed>
    <targets>
		<target>lightning__AppPage</target>
		<target>lightning__RecordPage</target>
		<target>lightning__HomePage</target>
        <target>lightning__FlowScreen</target>
	</targets>
    <targetConfigs>
        <targetConfig targets="lightning__RecordPage,lightning__AppPage,lightning__HomePage">
            <property label="isVisible" name="isVisible" type="Boolean" default="true"/>
        </targetConfig>
        <targetConfig targets="lightning__FlowScreen">
            <property label="budgetdate" name="budgetdate" type="Date" default="2020-07-10"/>
        </targetConfig>
    </targetConfigs>
</LightningComponentBundle>