[{"_allAttributes":null,"_properties":null,"_methods":null,"file":"c:/Users/Shubham/Desktop/DemoLWCProject3/force-app/main/default/lwc/createnewaccountform/createnewaccountform.js","metadata":{"decorators":[{"type":"api","targets":[{"type":"property","name":"accountName","value":{"type":"unresolved"}},{"type":"property","name":"cityName","value":{"type":"unresolved"}},{"type":"property","name":"stateName","value":{"type":"unresolved"}},{"type":"property","name":"zipCode","value":{"type":"unresolved"}},{"type":"property","name":"countryName","value":{"type":"unresolved"}}]},{"type":"wire","targets":[{"name":"DataReturnedFromAccountObjectInfo","adapter":{"name":"getObjectInfo","reference":"lightning/uiObjectInfoApi"},"type":"method","static":{"objectApiName":{"value":"@salesforce/schema/Account","type":"module"}},"params":{}},{"name":"DataReturnedFromContactObjectInfo","adapter":{"name":"getObjectInfo","reference":"lightning/uiObjectInfoApi"},"type":"method","static":{"objectApiName":{"value":"@salesforce/schema/Contact","type":"module"}},"params":{}},{"name":"DataReturnedFromApexClass","adapter":{"name":"getAccountRecordTypes","reference":"@salesforce/apex/createNewAccountController.getAccountRecordTypes"},"type":"method"}]},{"type":"track","targets":[{"name":"typeofAccount","type":"property"},{"name":"options","type":"property"}]}],"declarationLoc":{"start":{"line":28,"column":0},"end":{"line":233,"column":1}},"classMembers":[{"type":"property","name":"accountName","loc":{"start":{"line":29,"column":2},"end":{"line":29,"column":19}},"decorator":"api","value":{"type":"unresolved"}},{"type":"property","name":"cityName","loc":{"start":{"line":30,"column":2},"end":{"line":30,"column":16}},"decorator":"api","value":{"type":"unresolved"}},{"type":"property","name":"stateName","loc":{"start":{"line":31,"column":2},"end":{"line":31,"column":17}},"decorator":"api","value":{"type":"unresolved"}},{"type":"property","name":"zipCode","loc":{"start":{"line":32,"column":2},"end":{"line":32,"column":15}},"decorator":"api","value":{"type":"unresolved"}},{"type":"property","name":"countryName","loc":{"start":{"line":33,"column":2},"end":{"line":33,"column":19}},"decorator":"api","value":{"type":"unresolved"}},{"type":"property","name":"typeofAccount","loc":{"start":{"line":34,"column":2},"end":{"line":34,"column":23}},"decorator":"track"},{"type":"property","name":"options","loc":{"start":{"line":35,"column":2},"end":{"line":35,"column":21}},"decorator":"track"},{"type":"property","name":"context","loc":{"start":{"line":37,"column":2},"end":{"line":37,"column":35}}},{"type":"method","name":"DataReturnedFromAccountObjectInfo","loc":{"start":{"line":39,"column":2},"end":{"line":57,"column":2}},"decorator":"wire"},{"type":"method","name":"DataReturnedFromContactObjectInfo","loc":{"start":{"line":59,"column":2},"end":{"line":69,"column":2}},"decorator":"wire"},{"type":"method","name":"DataReturnedFromApexClass","loc":{"start":{"line":71,"column":2},"end":{"line":79,"column":3}},"decorator":"wire"},{"type":"method","name":"handleShowAccountSearch","loc":{"start":{"line":81,"column":2},"end":{"line":92,"column":3}}},{"type":"method","name":"handleAccountNameChange","loc":{"start":{"line":94,"column":2},"end":{"line":96,"column":3}}},{"type":"method","name":"handleCityNameChange","loc":{"start":{"line":98,"column":2},"end":{"line":100,"column":3}}},{"type":"method","name":"handleStateNameChange","loc":{"start":{"line":102,"column":2},"end":{"line":104,"column":3}}},{"type":"method","name":"handleZipCodeChange","loc":{"start":{"line":106,"column":2},"end":{"line":108,"column":3}}},{"type":"method","name":"handleCountryNameChange","loc":{"start":{"line":110,"column":2},"end":{"line":112,"column":3}}},{"type":"method","name":"handleRecordTypeChange","loc":{"start":{"line":114,"column":2},"end":{"line":116,"column":3}}},{"type":"method","name":"createAccount","loc":{"start":{"line":118,"column":2},"end":{"line":176,"column":3}}},{"type":"method","name":"createLoggerEntry","loc":{"start":{"line":178,"column":2},"end":{"line":196,"column":3}}},{"type":"method","name":"handleError","loc":{"start":{"line":198,"column":2},"end":{"line":232,"column":2}}}],"exports":[{"type":"ExportDefaultDeclaration"}]},"updatedAt":"2021-09-02T04:01:17.669Z"},{"_allAttributes":null,"_properties":null,"_methods":null,"file":"c:/Users/Shubham/Desktop/DemoLWCProject3/force-app/main/default/lwc/datatableaccordian/datatableaccordian.js","metadata":{"decorators":[{"type":"api","targets":[{"type":"method","name":"handleToggleSection"}]}],"declarationLoc":{"start":{"line":3,"column":0},"end":{"line":8,"column":1}},"classMembers":[{"type":"method","name":"handleToggleSection","loc":{"start":{"line":5,"column":4},"end":{"line":7,"column":5}},"decorator":"api"}],"exports":[{"type":"ExportDefaultDeclaration"}]},"updatedAt":"2021-09-02T04:01:17.646Z"},{"_allAttributes":null,"_properties":null,"_methods":null,"file":"c:/Users/Shubham/Desktop/DemoLWCProject3/force-app/main/default/lwc/datatablecheckbox/datatablecheckbox.js","metadata":{"decorators":[{"type":"api","targets":[{"type":"property","name":"isChecked","value":{"type":"unresolved"}},{"type":"property","name":"rowid","value":{"type":"unresolved"}},{"type":"property","name":"isRowEditable","value":{"type":"unresolved"}},{"type":"property","name":"columnName","value":{"type":"unresolved"}},{"type":"property","name":"userId","value":{"type":"unresolved"}},{"type":"method","name":"handleCheckboxChange"},{"type":"method","name":"diableCheckbox"}]}],"declarationLoc":{"start":{"line":3,"column":0},"end":{"line":49,"column":1}},"classMembers":[{"type":"property","name":"isChecked","loc":{"start":{"line":4,"column":4},"end":{"line":4,"column":19}},"decorator":"api","value":{"type":"unresolved"}},{"type":"property","name":"rowid","loc":{"start":{"line":5,"column":1},"end":{"line":5,"column":12}},"decorator":"api","value":{"type":"unresolved"}},{"type":"property","name":"isRowEditable","loc":{"start":{"line":6,"column":1},"end":{"line":6,"column":20}},"decorator":"api","value":{"type":"unresolved"}},{"type":"property","name":"columnName","loc":{"start":{"line":7,"column":1},"end":{"line":7,"column":17}},"decorator":"api","value":{"type":"unresolved"}},{"type":"property","name":"userId","loc":{"start":{"line":8,"column":1},"end":{"line":8,"column":13}},"decorator":"api","value":{"type":"unresolved"}},{"type":"method","name":"handleCheckboxChange","loc":{"start":{"line":10,"column":1},"end":{"line":25,"column":2}},"decorator":"api"},{"type":"method","name":"diableCheckbox","loc":{"start":{"line":44,"column":1},"end":{"line":48,"column":2}},"decorator":"api"}],"exports":[{"type":"ExportDefaultDeclaration"}]},"updatedAt":"2021-09-02T04:01:17.656Z"},{"_allAttributes":null,"_properties":null,"_methods":null,"file":"c:/Users/Shubham/Desktop/DemoLWCProject3/force-app/main/default/lwc/datatablecombobox/datatablecombobox.js","metadata":{"decorators":[],"declarationLoc":{"start":{"line":3,"column":0},"end":{"line":25,"column":1}},"classMembers":[{"type":"property","name":"value","loc":{"start":{"line":4,"column":4},"end":{"line":4,"column":15}}},{"type":"property","name":"options","loc":{"start":{"line":6,"column":4},"end":{"line":12,"column":5}}},{"type":"method","name":"handleChange","loc":{"start":{"line":14,"column":4},"end":{"line":16,"column":5}}},{"type":"method","name":"handleonfocus","loc":{"start":{"line":18,"column":4},"end":{"line":20,"column":5}}},{"type":"method","name":"handleonblur","loc":{"start":{"line":22,"column":4},"end":{"line":24,"column":5}}}],"exports":[{"type":"ExportDefaultDeclaration"}]},"updatedAt":"2021-09-02T04:01:17.675Z"},{"_allAttributes":null,"_properties":null,"_methods":null,"file":"c:/Users/Shubham/Desktop/DemoLWCProject3/force-app/main/default/lwc/demoaccountcreationlwc/demoaccountcreationlwc.js","metadata":{"decorators":[{"type":"wire","targets":[{"name":"DataReturnedFromApexClassReactiveProperty","adapter":{"name":"getAccountDetailsByName","reference":"@salesforce/apex/createNewAccountController.getAccountDetailsByName"},"type":"method","static":{},"params":{"accountName":"accountName"}}]},{"type":"track","targets":[{"name":"columns","type":"property"},{"name":"accountName","type":"property"},{"name":"phone","type":"property"},{"name":"stateName","type":"property"},{"name":"cityName","type":"property"},{"name":"zipcode","type":"property"},{"name":"countryName","type":"property"},{"name":"accountsData","type":"property"},{"name":"showAccountSearch","type":"property"},{"name":"showAccountCreate","type":"property"}]}],"declarationLoc":{"start":{"line":31,"column":0},"end":{"line":182,"column":1}},"classMembers":[{"type":"property","name":"columns","loc":{"start":{"line":32,"column":2},"end":{"line":32,"column":27}},"decorator":"track"},{"type":"property","name":"accountName","loc":{"start":{"line":33,"column":2},"end":{"line":33,"column":21}},"decorator":"track"},{"type":"property","name":"phone","loc":{"start":{"line":34,"column":2},"end":{"line":34,"column":15}},"decorator":"track"},{"type":"property","name":"stateName","loc":{"start":{"line":35,"column":2},"end":{"line":35,"column":19}},"decorator":"track"},{"type":"property","name":"cityName","loc":{"start":{"line":36,"column":2},"end":{"line":36,"column":18}},"decorator":"track"},{"type":"property","name":"zipcode","loc":{"start":{"line":37,"column":2},"end":{"line":37,"column":17}},"decorator":"track"},{"type":"property","name":"countryName","loc":{"start":{"line":38,"column":2},"end":{"line":38,"column":21}},"decorator":"track"},{"type":"property","name":"accountsData","loc":{"start":{"line":39,"column":2},"end":{"line":39,"column":25}},"decorator":"track"},{"type":"property","name":"showAccountSearch","loc":{"start":{"line":40,"column":2},"end":{"line":40,"column":32}},"decorator":"track"},{"type":"property","name":"showAccountCreate","loc":{"start":{"line":41,"column":2},"end":{"line":41,"column":33}},"decorator":"track"},{"type":"method","name":"DataReturnedFromApexClassReactiveProperty","loc":{"start":{"line":43,"column":2},"end":{"line":51,"column":3}},"decorator":"wire"},{"type":"method","name":"connectedCallback","loc":{"start":{"line":53,"column":2},"end":{"line":64,"column":3}}},{"type":"method","name":"handlecheckboxchange","loc":{"start":{"line":66,"column":2},"end":{"line":68,"column":3}}},{"type":"method","name":"handleInputOnChange","loc":{"start":{"line":70,"column":2},"end":{"line":77,"column":3}}},{"type":"method","name":"handleStateOnChange","loc":{"start":{"line":79,"column":4},"end":{"line":81,"column":5}}},{"type":"method","name":"handleCityOnChange","loc":{"start":{"line":83,"column":4},"end":{"line":85,"column":5}}},{"type":"method","name":"handleZipCodeOnChange","loc":{"start":{"line":87,"column":4},"end":{"line":89,"column":5}}},{"type":"method","name":"handleCountryOnChange","loc":{"start":{"line":91,"column":4},"end":{"line":93,"column":5}}},{"type":"method","name":"handleShowAccountCreationForm","loc":{"start":{"line":95,"column":4},"end":{"line":98,"column":5}}},{"type":"method","name":"handlePreviousFromCreateStep","loc":{"start":{"line":100,"column":4},"end":{"line":109,"column":5}}},{"type":"method","name":"handleHideCreateNewAccount","loc":{"start":{"line":111,"column":4},"end":{"line":113,"column":5}}},{"type":"method","name":"validateInputFields","loc":{"start":{"line":115,"column":4},"end":{"line":148,"column":5}}},{"type":"method","name":"getAccountsData","loc":{"start":{"line":150,"column":4},"end":{"line":181,"column":5}}}],"exports":[{"type":"ExportDefaultDeclaration"}]},"updatedAt":"2021-09-02T04:01:17.619Z"},{"_allAttributes":null,"_properties":null,"_methods":null,"file":"c:/Users/Shubham/Desktop/DemoLWCProject3/force-app/main/default/lwc/demoaccountsearch/demoaccountsearch.js","metadata":{"decorators":[{"type":"track","targets":[{"name":"inputValue","type":"property"},{"name":"showTemplate","type":"property"},{"name":"value","type":"property"}]}],"declarationLoc":{"start":{"line":3,"column":0},"end":{"line":40,"column":1}},"classMembers":[{"type":"property","name":"inputValue","loc":{"start":{"line":4,"column":4},"end":{"line":4,"column":35}},"decorator":"track"},{"type":"property","name":"showTemplate","loc":{"start":{"line":5,"column":4},"end":{"line":5,"column":24}},"decorator":"track"},{"type":"property","name":"value","loc":{"start":{"line":6,"column":4},"end":{"line":6,"column":22}},"decorator":"track"},{"type":"property","name":"dataToIterate","loc":{"start":{"line":7,"column":4},"end":{"line":18,"column":7}}},{"type":"property","name":"options","loc":{"start":{"line":20,"column":4},"end":{"line":25,"column":5}}},{"type":"method","name":"handleChange","loc":{"start":{"line":27,"column":4},"end":{"line":29,"column":5}}},{"type":"method","name":"handleRadioSelection","loc":{"start":{"line":31,"column":4},"end":{"line":39,"column":5}}}],"exports":[{"type":"ExportDefaultDeclaration"}]},"updatedAt":"2021-09-02T04:01:17.660Z"},{"_allAttributes":null,"_properties":null,"_methods":null,"file":"c:/Users/Shubham/Desktop/DemoLWCProject3/force-app/main/default/lwc/demohelloworld/demohelloworld.js","metadata":{"decorators":[{"type":"api","targets":[{"type":"property","name":"nameOfProperty","value":{"type":"unresolved"}}]},{"type":"wire","targets":[{"name":"getAccountSourcePickList","adapter":{"name":"getPicklistValues","reference":"lightning/uiObjectInfoApi"},"type":"method","static":{"recordTypeId":{"type":"string","value":"0125g000000uSZCAA2"},"fieldApiName":{"value":"@salesforce/schema/Account.AccountSource","type":"module"}},"params":{}},{"name":"getAccountPickLists","adapter":{"name":"getPicklistValuesByRecordType","reference":"lightning/uiObjectInfoApi"},"type":"method","static":{"recordTypeId":{"type":"string","value":"0125g000000uSZCAA2"},"objectApiName":{"value":"@salesforce/schema/Account","type":"module"}},"params":{}},{"name":"accountDataUi","adapter":{"name":"getRecordUi","reference":"lightning/uiRecordApi"},"type":"method","static":{"recordIds":{"type":"array","value":["0015g00000OxfKOAAZ","0015g00000NmdGTAAZ"]},"layoutTypes":{"type":"array","value":["Full"]},"modes":{"type":"array","value":["View"]}},"params":{}},{"name":"NavItemsData","adapter":{"name":"getNavItems","reference":"lightning/uiAppsApi"},"type":"method","static":{"formFactor":{"type":"string","value":"Large"},"pageSize":{"type":"number","value":30}},"params":{}},{"name":"ListViewMetatData","adapter":{"name":"getListInfoByName","reference":"lightning/uiListsApi"},"type":"method","static":{"objectApiName":{"type":"string","value":"Account"},"listViewApiName":{"type":"string","value":"United"}},"params":{}}]}],"declarationLoc":{"start":{"line":10,"column":0},"end":{"line":113,"column":1}},"classMembers":[{"type":"property","name":"name","loc":{"start":{"line":11,"column":4},"end":{"line":11,"column":9}}},{"type":"property","name":"companyname","loc":{"start":{"line":12,"column":4},"end":{"line":12,"column":16}}},{"type":"property","name":"isVisible","loc":{"start":{"line":13,"column":4},"end":{"line":13,"column":14}}},{"type":"property","name":"nameOfProperty","loc":{"start":{"line":14,"column":4},"end":{"line":14,"column":24}},"decorator":"api","value":{"type":"unresolved"}},{"type":"method","name":"getAccountSourcePickList","loc":{"start":{"line":16,"column":4},"end":{"line":23,"column":5}},"decorator":"wire"},{"type":"method","name":"getAccountPickLists","loc":{"start":{"line":25,"column":4},"end":{"line":32,"column":5}},"decorator":"wire"},{"type":"method","name":"accountDataUi","loc":{"start":{"line":34,"column":4},"end":{"line":41,"column":5}},"decorator":"wire"},{"type":"method","name":"NavItemsData","loc":{"start":{"line":43,"column":4},"end":{"line":53,"column":5}},"decorator":"wire"},{"type":"method","name":"ListViewMetatData","loc":{"start":{"line":55,"column":4},"end":{"line":62,"column":5}},"decorator":"wire"},{"type":"method","name":"connectedCallback","loc":{"start":{"line":69,"column":4},"end":{"line":71,"column":5}}},{"type":"method","name":"rendered","loc":{"start":{"line":73,"column":4},"end":{"line":75,"column":5}}},{"type":"method","name":"renderedCallback","loc":{"start":{"line":77,"column":4},"end":{"line":79,"column":5}}},{"type":"method","name":"disconnectedCallback","loc":{"start":{"line":81,"column":4},"end":{"line":83,"column":5}}},{"type":"method","name":"errorCallback","loc":{"start":{"line":85,"column":4},"end":{"line":87,"column":5}}},{"type":"method","name":"onNamechangeEvent","loc":{"start":{"line":89,"column":4},"end":{"line":96,"column":5}}},{"type":"method","name":"onCompanyNamechangeEvent","loc":{"start":{"line":98,"column":4},"end":{"line":100,"column":5}}},{"type":"method","name":"hidetag","loc":{"start":{"line":102,"column":4},"end":{"line":104,"column":5}}},{"type":"method","name":"showtag","loc":{"start":{"line":106,"column":4},"end":{"line":112,"column":5}}}],"exports":[{"type":"ExportDefaultDeclaration"}]},"updatedAt":"2021-09-07T06:50:14.163Z"},{"_allAttributes":null,"_properties":null,"_methods":null,"file":"c:/Users/Shubham/Desktop/DemoLWCProject3/force-app/main/default/lwc/demomyfirstlwc/demomyfirstlwc.js","metadata":{"decorators":[{"type":"api","targets":[{"type":"property","name":"valuefromaura","value":{"type":"unresolved"}}]},{"type":"wire","targets":[{"name":"messageContext","adapter":{"name":"MessageContext","reference":"lightning/messageService"},"type":"property"},{"name":"accountsDatafromGetRecord","adapter":{"name":"getRecord","reference":"lightning/uiRecordApi"},"type":"method","static":{"recordId":{"type":"string","value":"0015g00000OvLGRAA3"},"fields":{"type":"unresolved","value":"array_expression"},"optionalFields":{"type":"unresolved","value":"array_expression"}},"params":{}},{"name":"accountsDatafromGetRecord1","adapter":{"name":"getRecord","reference":"lightning/uiRecordApi"},"type":"method","static":{"recordId":{"type":"string","value":"0015g00000OvLGRAA3"},"fields":{"type":"unresolved","value":"array_expression"},"optionalFields":{"type":"unresolved","value":"array_expression"},"modes":{"type":"string","value":"Create"}},"params":{}},{"name":"accountRecordUi","adapter":{"name":"getRecordUi","reference":"lightning/uiRecordApi"},"type":"method","static":{"recordIds":{"type":"string","value":"0015g00000OvLGRAA3"},"layoutTypes":{"type":"string","value":"Full"},"modes":{"type":"string","value":"View"}},"params":{}}]},{"type":"track","targets":[{"name":"firstName","type":"property"}]}],"exports":[{"type":"ExportDefaultDeclaration"}]},"updatedAt":"2021-09-02T04:01:17.599Z"},{"_allAttributes":null,"_properties":null,"_methods":null,"file":"c:/Users/Shubham/Desktop/DemoLWCProject3/force-app/main/default/lwc/demomysecondlwc/demomysecondlwc.js","metadata":{"decorators":[{"type":"wire","targets":[{"name":"getAccountSourceValues","adapter":{"name":"getPicklistValues","reference":"lightning/uiObjectInfoApi"},"type":"method","static":{"fieldApiName":{"value":"@salesforce/schema/Account.Source__c","type":"module"}},"params":{"recordTypeId":"selectedRecordType"}},{"name":"getAccountPickListValues","adapter":{"name":"getPicklistValuesByRecordType","reference":"lightning/uiObjectInfoApi"},"type":"method","static":{"objectApiName":{"value":"@salesforce/schema/Account","type":"module"},"recordTypeId":{"type":"string","value":"0125g000000uSZCAA2"}},"params":{}},{"name":"getAccountObjectInfo","adapter":{"name":"getObjectInfo","reference":"lightning/uiObjectInfoApi"},"type":"method","static":{"objectApiName":{"value":"@salesforce/schema/Account","type":"module"}},"params":{}},{"name":"getObjectsInfoData","adapter":{"name":"getObjectInfos","reference":"lightning/uiObjectInfoApi"},"type":"method","static":{"objectApiNames":{"type":"unresolved","value":"array_expression"}},"params":{}},{"name":"messageContext","adapter":{"name":"MessageContext","reference":"lightning/messageService"},"type":"property"},{"name":"getRecordType","adapter":{"name":"getRecordType","reference":"@salesforce/apex/accountSearchController.getRecordTypes"},"type":"method","static":{"objName":{"type":"string","value":"Account"}},"params":{}}]}],"declarationLoc":{"start":{"line":14,"column":0},"end":{"line":224,"column":1}},"classMembers":[{"type":"property","name":"accountName","loc":{"start":{"line":15,"column":4},"end":{"line":15,"column":16}}},{"type":"property","name":"accountPhone","loc":{"start":{"line":16,"column":4},"end":{"line":16,"column":17}}},{"type":"property","name":"billingStreet","loc":{"start":{"line":17,"column":4},"end":{"line":17,"column":18}}},{"type":"property","name":"billingCity","loc":{"start":{"line":18,"column":4},"end":{"line":18,"column":16}}},{"type":"property","name":"billingState","loc":{"start":{"line":19,"column":4},"end":{"line":19,"column":17}}},{"type":"property","name":"billingZipcode","loc":{"start":{"line":20,"column":4},"end":{"line":20,"column":19}}},{"type":"property","name":"accType","loc":{"start":{"line":21,"column":4},"end":{"line":21,"column":12}}},{"type":"property","name":"optionsAccType","loc":{"start":{"line":22,"column":4},"end":{"line":22,"column":22}}},{"type":"property","name":"accSource","loc":{"start":{"line":23,"column":4},"end":{"line":23,"column":14}}},{"type":"property","name":"optionsAccSource","loc":{"start":{"line":24,"column":4},"end":{"line":24,"column":24}}},{"type":"property","name":"selectedRecordType","loc":{"start":{"line":25,"column":4},"end":{"line":25,"column":23}}},{"type":"property","name":"isResetButtonVisible","loc":{"start":{"line":26,"column":4},"end":{"line":26,"column":33}}},{"type":"method","name":"getAccountSourceValues","loc":{"start":{"line":28,"column":4},"end":{"line":46,"column":5}},"decorator":"wire"},{"type":"method","name":"getAccountPickListValues","loc":{"start":{"line":48,"column":4},"end":{"line":57,"column":5}},"decorator":"wire"},{"type":"method","name":"getAccountObjectInfo","loc":{"start":{"line":59,"column":4},"end":{"line":68,"column":5}},"decorator":"wire"},{"type":"method","name":"getObjectsInfoData","loc":{"start":{"line":70,"column":4},"end":{"line":79,"column":5}},"decorator":"wire"},{"type":"property","name":"messageContext","loc":{"start":{"line":81,"column":4},"end":{"line":82,"column":19}},"decorator":"wire"},{"type":"method","name":"getRecordType","loc":{"start":{"line":84,"column":4},"end":{"line":100,"column":5}},"decorator":"wire"},{"type":"method","name":"handleOnChange","loc":{"start":{"line":109,"column":4},"end":{"line":116,"column":5}}},{"type":"method","name":"handleOnChangeBillStrt","loc":{"start":{"line":118,"column":4},"end":{"line":120,"column":5}}},{"type":"method","name":"handleOnChangeBillCity","loc":{"start":{"line":122,"column":4},"end":{"line":124,"column":5}}},{"type":"method","name":"handleOnChangeBillState","loc":{"start":{"line":126,"column":4},"end":{"line":128,"column":5}}},{"type":"method","name":"handleOnChangeBillZipCode","loc":{"start":{"line":130,"column":4},"end":{"line":132,"column":5}}},{"type":"method","name":"handleAccountSearch","loc":{"start":{"line":134,"column":4},"end":{"line":158,"column":5}}},{"type":"method","name":"ValidateFields","loc":{"start":{"line":160,"column":4},"end":{"line":199,"column":5}}},{"type":"method","name":"handleReset","loc":{"start":{"line":201,"column":4},"end":{"line":213,"column":5}}},{"type":"method","name":"handleAccTypeChange","loc":{"start":{"line":215,"column":4},"end":{"line":218,"column":5}}},{"type":"method","name":"handleAccSourceChange","loc":{"start":{"line":220,"column":4},"end":{"line":223,"column":5}}}],"exports":[{"type":"ExportDefaultDeclaration"}]},"updatedAt":"2021-09-02T04:01:17.594Z"},{"_allAttributes":null,"_properties":null,"_methods":null,"file":"c:/Users/Shubham/Desktop/DemoLWCProject3/force-app/main/default/lwc/moreaccountinfo/moreaccountinfo.js","metadata":{"decorators":[{"type":"api","targets":[{"type":"property","name":"isVisible","value":{"type":"unresolved"}}]},{"type":"wire","targets":[{"name":"messageContext","adapter":{"name":"MessageContext","reference":"lightning/messageService"},"type":"property"}]}],"declarationLoc":{"start":{"line":4,"column":0},"end":{"line":89,"column":1}},"classMembers":[{"type":"property","name":"isVisible","loc":{"start":{"line":5,"column":4},"end":{"line":5,"column":19}},"decorator":"api","value":{"type":"unresolved"}},{"type":"property","name":"subscribtionmsg","loc":{"start":{"line":6,"column":4},"end":{"line":6,"column":27}}},{"type":"property","name":"accountName","loc":{"start":{"line":7,"column":4},"end":{"line":7,"column":16}}},{"type":"property","name":"jsonData","loc":{"start":{"line":8,"column":4},"end":{"line":8,"column":13}}},{"type":"property","name":"imgURL","loc":{"start":{"line":9,"column":4},"end":{"line":9,"column":11}}},{"type":"property","name":"domain","loc":{"start":{"line":10,"column":4},"end":{"line":10,"column":11}}},{"type":"property","name":"legalName","loc":{"start":{"line":11,"column":4},"end":{"line":11,"column":14}}},{"type":"property","name":"greeting","loc":{"start":{"line":12,"column":4},"end":{"line":12,"column":23}}},{"type":"property","name":"messageContext","loc":{"start":{"line":14,"column":4},"end":{"line":15,"column":19}},"decorator":"wire"},{"type":"method","name":"connectedCallback","loc":{"start":{"line":17,"column":4},"end":{"line":19,"column":5}}},{"type":"method","name":"disconnectedCallback","loc":{"start":{"line":21,"column":4},"end":{"line":23,"column":5}}},{"type":"method","name":"subscribeToMessageChannel","loc":{"start":{"line":25,"column":4},"end":{"line":31,"column":5}}},{"type":"method","name":"unsubscribeToMessageChannel","loc":{"start":{"line":33,"column":4},"end":{"line":36,"column":5}}},{"type":"method","name":"getAccountDetails","loc":{"start":{"line":38,"column":4},"end":{"line":43,"column":5}}},{"type":"method","name":"fetchCompanyWebSite","loc":{"start":{"line":45,"column":4},"end":{"line":65,"column":5}}},{"type":"method","name":"fetchCompanyDetails","loc":{"start":{"line":67,"column":4},"end":{"line":88,"column":5}}}],"exports":[{"type":"ExportDefaultDeclaration"}]},"updatedAt":"2021-09-02T04:01:17.624Z"},{"_allAttributes":null,"_properties":null,"_methods":null,"file":"c:/Users/Shubham/Desktop/DemoLWCProject3/force-app/main/default/lwc/newaccountceatedtoday/newaccountceatedtoday.js","metadata":{"decorators":[{"type":"api","targets":[{"type":"property","name":"isVisible","value":{"type":"unresolved"}},{"type":"property","name":"budgetdate","value":{"type":"unresolved"}}]},{"type":"wire","targets":[{"name":"messageContext","adapter":{"name":"MessageContext","reference":"lightning/messageService"},"type":"property"}]},{"type":"track","targets":[{"name":"recordId","type":"property"}]}],"declarationLoc":{"start":{"line":5,"column":0},"end":{"line":35,"column":1}},"classMembers":[{"type":"property","name":"isVisible","loc":{"start":{"line":6,"column":4},"end":{"line":6,"column":18}},"decorator":"api","value":{"type":"unresolved"}},{"type":"property","name":"recordId","loc":{"start":{"line":7,"column":4},"end":{"line":7,"column":19}},"decorator":"track"},{"type":"property","name":"budgetdate","loc":{"start":{"line":8,"column":4},"end":{"line":8,"column":19}},"decorator":"api","value":{"type":"unresolved"}},{"type":"property","name":"messageContext","loc":{"start":{"line":10,"column":4},"end":{"line":11,"column":19}},"decorator":"wire"},{"type":"method","name":"connectedCallback","loc":{"start":{"line":13,"column":4},"end":{"line":20,"column":5}}},{"type":"method","name":"showRecordId","loc":{"start":{"line":30,"column":4},"end":{"line":34,"column":5}}}],"exports":[{"type":"ExportDefaultDeclaration"}]},"updatedAt":"2021-09-02T04:01:17.664Z"},{"_allAttributes":null,"_properties":null,"_methods":null,"file":"c:/Users/Shubham/Desktop/DemoLWCProject3/force-app/main/default/lwc/showsearchresultgrid/showsearchresultgrid.js","metadata":{"decorators":[{"type":"api","targets":[{"type":"property","name":"searchResults","value":{"type":"array","value":[]}}]}],"declarationLoc":{"start":{"line":24,"column":0},"end":{"line":159,"column":1}},"classMembers":[{"type":"property","name":"columns","loc":{"start":{"line":25,"column":4},"end":{"line":25,"column":22}}},{"type":"property","name":"actions","loc":{"start":{"line":26,"column":4},"end":{"line":26,"column":22}}},{"type":"property","name":"searchResults","loc":{"start":{"line":27,"column":4},"end":{"line":27,"column":26}},"decorator":"api","value":{"type":"array","value":[]}},{"type":"property","name":"sortedBy","loc":{"start":{"line":28,"column":4},"end":{"line":28,"column":13}}},{"type":"property","name":"sortedDirection","loc":{"start":{"line":29,"column":4},"end":{"line":29,"column":20}}},{"type":"method","name":"updateColumnSorting","loc":{"start":{"line":31,"column":4},"end":{"line":44,"column":4}}},{"type":"method","name":"sortData","loc":{"start":{"line":46,"column":3},"end":{"line":63,"column":1}}},{"type":"method","name":"handleGridCheckboxChange","loc":{"start":{"line":65,"column":4},"end":{"line":67,"column":5}}},{"type":"method","name":"handleSave","loc":{"start":{"line":69,"column":4},"end":{"line":99,"column":5}}},{"type":"method","name":"handleRowAction","loc":{"start":{"line":101,"column":4},"end":{"line":110,"column":5}}},{"type":"method","name":"updateRow","loc":{"start":{"line":112,"column":4},"end":{"line":140,"column":5}}},{"type":"method","name":"deleteRow","loc":{"start":{"line":142,"column":4},"end":{"line":158,"column":5}}}],"exports":[{"type":"ExportDefaultDeclaration"}]},"updatedAt":"2021-09-02T04:01:17.589Z"},{"_allAttributes":null,"_properties":null,"_methods":null,"file":"c:/Users/Shubham/Desktop/DemoLWCProject3/force-app/main/default/lwc/testLWCCreationFromCLI/testLWCCreationFromCLI.js","metadata":{"decorators":[],"declarationLoc":{"start":{"line":3,"column":0},"end":{"line":3,"column":71}},"classMembers":[],"exports":[{"type":"ExportDefaultDeclaration"}]},"updatedAt":"2021-09-02T04:01:17.581Z"},{"_allAttributes":null,"_properties":null,"_methods":null,"file":"c:/Users/Shubham/Desktop/DemoLWCProject3/force-app/main/default/lwc/accountsearchresultlwc/accountsearchresultlwc.js","metadata":{"decorators":[{"type":"api","targets":[{"type":"property","name":"searchResults","value":{"type":"unresolved"}}]},{"type":"wire","targets":[{"name":"accountObjData","adapter":{"name":"getObjectInfo","reference":"lightning/uiObjectInfoApi"},"type":"method","static":{"objectApiName":{"value":"@salesforce/schema/Account","type":"module"}},"params":{}},{"name":"accountData","adapter":{"name":"getRecord","reference":"lightning/uiRecordApi"},"type":"method","static":{"fields":{"type":"unresolved","value":"array_expression"},"optionalFields":{"type":"unresolved","value":"array_expression"}},"params":{"recordId":"accRecordId"}}]}],"declarationLoc":{"start":{"line":22,"column":0},"end":{"line":186,"column":1}},"classMembers":[{"type":"property","name":"options","loc":{"start":{"line":23,"column":4},"end":{"line":23,"column":17}}},{"type":"property","name":"columns","loc":{"start":{"line":24,"column":4},"end":{"line":24,"column":17}}},{"type":"method","name":"accountObjData","loc":{"start":{"line":25,"column":4},"end":{"line":55,"column":5}},"decorator":"wire"},{"type":"property","name":"searchResults","loc":{"start":{"line":62,"column":4},"end":{"line":62,"column":23}},"decorator":"api","value":{"type":"unresolved"}},{"type":"property","name":"accRecordId","loc":{"start":{"line":63,"column":4},"end":{"line":63,"column":16}}},{"type":"property","name":"draftValues","loc":{"start":{"line":64,"column":4},"end":{"line":64,"column":16}}},{"type":"property","name":"showDetails","loc":{"start":{"line":65,"column":4},"end":{"line":65,"column":24}}},{"type":"property","name":"selectedAccDetails","loc":{"start":{"line":66,"column":4},"end":{"line":66,"column":23}}},{"type":"property","name":"accName","loc":{"start":{"line":67,"column":4},"end":{"line":67,"column":12}}},{"type":"property","name":"Industry","loc":{"start":{"line":68,"column":4},"end":{"line":68,"column":13}}},{"type":"property","name":"employees","loc":{"start":{"line":69,"column":4},"end":{"line":69,"column":14}}},{"type":"property","name":"sic","loc":{"start":{"line":70,"column":4},"end":{"line":70,"column":8}}},{"type":"property","name":"accountNumber","loc":{"start":{"line":71,"column":4},"end":{"line":71,"column":18}}},{"type":"property","name":"phone","loc":{"start":{"line":72,"column":4},"end":{"line":72,"column":10}}},{"type":"property","name":"owner","loc":{"start":{"line":73,"column":4},"end":{"line":73,"column":10}}},{"type":"property","name":"recFormFields","loc":{"start":{"line":74,"column":4},"end":{"line":74,"column":129}}},{"type":"method","name":"accountData","loc":{"start":{"line":76,"column":4},"end":{"line":95,"column":5}},"decorator":"wire"},{"type":"method","name":"renderedCallback","loc":{"start":{"line":97,"column":4},"end":{"line":99,"column":5}}},{"type":"method","name":"updateAccountDetails","loc":{"start":{"line":101,"column":4},"end":{"line":141,"column":5}}},{"type":"method","name":"handleRowAction","loc":{"start":{"line":143,"column":4},"end":{"line":153,"column":5}}},{"type":"method","name":"handleClickClose","loc":{"start":{"line":155,"column":4},"end":{"line":157,"column":5}}},{"type":"method","name":"deleteRecordMethod","loc":{"start":{"line":159,"column":4},"end":{"line":185,"column":5}}}],"exports":[{"type":"ExportDefaultDeclaration"}]},"updatedAt":"2021-09-07T06:50:34.805Z"},{"_allAttributes":null,"_properties":null,"_methods":null,"file":"c:/Users/Shubham/Desktop/DemoLWCProject3/force-app/main/default/lwc/acountsearchlwc/acountsearchlwc.js","metadata":{"decorators":[],"declarationLoc":{"start":{"line":4,"column":0},"end":{"line":112,"column":1}},"classMembers":[{"type":"property","name":"accName","loc":{"start":{"line":5,"column":4},"end":{"line":5,"column":12}}},{"type":"property","name":"accPhone","loc":{"start":{"line":6,"column":4},"end":{"line":6,"column":13}}},{"type":"property","name":"billingStreet","loc":{"start":{"line":7,"column":4},"end":{"line":7,"column":18}}},{"type":"property","name":"billingCity","loc":{"start":{"line":8,"column":4},"end":{"line":8,"column":16}}},{"type":"property","name":"billingState","loc":{"start":{"line":9,"column":4},"end":{"line":9,"column":17}}},{"type":"property","name":"billingZipcode","loc":{"start":{"line":10,"column":4},"end":{"line":10,"column":19}}},{"type":"property","name":"showLoader","loc":{"start":{"line":11,"column":4},"end":{"line":11,"column":23}}},{"type":"method","name":"handleAccName","loc":{"start":{"line":13,"column":4},"end":{"line":15,"column":5}}},{"type":"method","name":"handleAccPhone","loc":{"start":{"line":17,"column":4},"end":{"line":19,"column":5}}},{"type":"method","name":"handleBillStreet","loc":{"start":{"line":21,"column":4},"end":{"line":23,"column":5}}},{"type":"method","name":"handleBillCity","loc":{"start":{"line":25,"column":4},"end":{"line":27,"column":5}}},{"type":"method","name":"handleBillState","loc":{"start":{"line":29,"column":4},"end":{"line":31,"column":5}}},{"type":"method","name":"handleBillZipcode","loc":{"start":{"line":33,"column":4},"end":{"line":35,"column":5}}},{"type":"method","name":"handleReset","loc":{"start":{"line":37,"column":4},"end":{"line":53,"column":5}}},{"type":"method","name":"clearFields","loc":{"start":{"line":55,"column":4},"end":{"line":62,"column":5}}},{"type":"method","name":"handleSearch","loc":{"start":{"line":64,"column":4},"end":{"line":111,"column":5}}}],"exports":[{"type":"ExportDefaultDeclaration"}]},"updatedAt":"2021-09-06T06:33:54.594Z"},{"_allAttributes":null,"_properties":null,"_methods":null,"file":"c:/Users/Shubham/Desktop/DemoLWCProject3/force-app/main/default/lwc/createnewaccountlwc/createnewaccountlwc.js","metadata":{"decorators":[{"type":"wire","targets":[{"name":"messageContext","adapter":{"name":"MessageContext","reference":"lightning/messageService"},"type":"property"}]}],"exports":[{"type":"ExportDefaultDeclaration"}]},"updatedAt":"2021-09-07T06:25:09.495Z"},{"_allAttributes":null,"_properties":null,"_methods":null,"file":"c:/Users/Shubham/Desktop/DemoLWCProject3/force-app/main/default/lwc/accountdetailslwc/accountdetailslwc.js","metadata":{"decorators":[{"type":"api","targets":[{"type":"property","name":"isVisible","value":{"type":"unresolved"}}]},{"type":"wire","targets":[{"name":"messageContext","adapter":{"name":"MessageContext","reference":"lightning/messageService"},"type":"property"}]}],"exports":[{"type":"ExportDefaultDeclaration"}]},"updatedAt":"2021-09-06T06:54:16.059Z"},{"_allAttributes":null,"_properties":null,"_methods":null,"file":"c:/Users/Shubham/Desktop/DemoLWCProject3/force-app/main/default/lwc/datatableexcombobox/datatableexcombobox.js","metadata":{"decorators":[{"type":"api","targets":[{"type":"property","name":"value","value":{"type":"string"}},{"type":"property","name":"options","value":{"type":"array","value":[]}}]}],"declarationLoc":{"start":{"line":3,"column":0},"end":{"line":35,"column":1}},"classMembers":[{"type":"property","name":"value","loc":{"start":{"line":4,"column":4},"end":{"line":4,"column":20}},"decorator":"api","value":{"type":"string"}},{"type":"property","name":"options","loc":{"start":{"line":5,"column":4},"end":{"line":5,"column":22}},"decorator":"api","value":{"type":"array","value":[]}},{"type":"method","name":"handleChange","loc":{"start":{"line":14,"column":4},"end":{"line":26,"column":5}}},{"type":"method","name":"handleonfocus","loc":{"start":{"line":28,"column":4},"end":{"line":30,"column":5}}},{"type":"method","name":"handleonblur","loc":{"start":{"line":32,"column":4},"end":{"line":34,"column":5}}}],"exports":[{"type":"ExportDefaultDeclaration"}]},"updatedAt":"2021-09-07T05:42:17.359Z"}]